﻿pos_x,pos_y,rotation,side,designator,mpn,pack,footprint,value,mount_type
548.7327,-190.995,180.0,top,C1,,,C_0805_2012Metric,0.1uf,smt
229.8225,-107.2175,0.0,top,C10,,,C_0805_2012Metric,0.1uf,smt
548.7327,-184.5078,180.0,top,C2,,,C_0805_2012Metric,0.1uf,smt
548.7327,-178.0049,180.0,top,C3,,,C_0805_2012Metric,0.1uf,smt
548.7327,-171.2549,180.0,top,C4,,,C_0805_2012Metric,0.1uf,smt
548.7327,-164.5049,180.0,top,C5,,,C_0805_2012Metric,0.1uf,smt
410.065,-168.48,0.0,top,C6,,,C_0805_2012Metric,10uf,smt
548.7,-157.8,180.0,top,C7,,,C_0805_2012Metric,0.1uf,smt
216.0125,-101.7175,180.0,top,C8,,,C_0805_2012Metric,10uf,smt
216.0125,-89.7175,0.0,top,C9,,,C_0805_2012Metric,10uf,smt
498.4,-144.0,-90.0,top,D1,,,LED_0603_1608Metric,LED_OK,smt
404.01,-171.48,90.0,top,D10,,,LED_0603_1608Metric,LED_PWR,smt
366.31,-174.98,90.0,top,D11,,,LED_0603_1608Metric,LED_PWR,smt
366.31,-179.3467,90.0,top,D12,,,LED_0603_1608Metric,LED_OK,smt
366.21,-183.7133,90.0,top,D13,,,LED_0603_1608Metric,LED_FAIL,smt
366.21,-188.08,90.0,top,D14,,,LED_0603_1608Metric,LED_WARN,smt
363.0,-66.5,90.0,top,D15,,,LED_0603_1608Metric,LED_PWR,smt
362.8,-81.0,90.0,top,D16,,,LED_0603_1608Metric,LED_OK,smt
362.8,-75.7,90.0,top,D17,,,LED_0603_1608Metric,LED_FAIL,smt
363.0,-71.0,90.0,top,D18,,,LED_0603_1608Metric,LED_WARN,smt
257.9,-99.8,0.0,top,D19,,,LED_0603_1608Metric,LED_PWR,smt
498.3,-148.2,-90.0,top,D2,,,LED_0603_1608Metric,LED_FAIL,smt
531.756,-188.6,90.0,top,D20,,,LED_0603_1608Metric,LED_PWR,smt
400.5,-67.8,90.0,top,D21,,,LED_0603_1608Metric,LED_PWR,smt
400.4,-80.7,90.0,top,D22,,,LED_0603_1608Metric,LED_OK,smt
400.5,-76.4,90.0,top,D23,,,LED_0603_1608Metric,LED_FAIL,smt
400.4,-72.1,90.0,top,D24,,,LED_0603_1608Metric,LED_WARN,smt
221.5675,-101.9725,0.0,top,D25,,,LED_0603_1608Metric,LED_PWR,smt
221.5675,-90.6175,0.0,top,D26,,,LED_0603_1608Metric,LED_PWR,smt
235.7675,-100.2175,90.0,top,D27,,,LED_0603_1608Metric,LED_PWR,smt
498.3,-152.4451,-90.0,top,D3,,,LED_0603_1608Metric,LED_WARN,smt
498.3,-156.7,-90.0,top,D4,,,LED_0603_1608Metric,LED_PWR,smt
531.756,-155.555,90.0,top,D5,,,LED_0603_1608Metric,LED_PWR,smt
531.756,-162.164,90.0,top,D6,,,LED_0603_1608Metric,LED_PWR,smt
531.756,-181.991,90.0,top,D7,,,LED_0603_1608Metric,LED_PWR,smt
531.756,-175.382,90.0,top,D8,,,LED_0603_1608Metric,LED_PWR,smt
531.756,-168.773,90.0,top,D9,,,LED_0603_1608Metric,LED_PWR,smt
368.7,-102.98,0.0,top,J1,,,PinSocket_1x24_P2.54mm_Vertical,FPGA I/O,tht
556.825,-174.93,0.0,top,J10,,,PinHeader_1x02_P1.00mm_Horizontal,INA219_CONFIG,tht
556.825,-181.305,0.0,top,J11,,,PinHeader_1x02_P1.00mm_Horizontal,INA219_CONFIG,tht
379.7,-53.8,90.0,top,J12,,,PinHeader_1x03_P1.00mm_Horizontal,AAM_DBG,tht
392.2,-53.8,90.0,top,J13,,,PinHeader_1x03_P1.00mm_Horizontal,DSM_DBG,tht
367.3,-53.8,90.0,top,J14,,,PinHeader_1x03_P1.00mm_Horizontal,ACM_DBG,tht
556.825,-188.0,0.0,top,J15,,,PinHeader_1x02_P1.00mm_Horizontal,INA219_CONFIG,tht
354.75,-53.8,90.0,top,J16,,,PinHeader_1x03_P1.00mm_Horizontal,DSM_DBG,tht
378.029038,-197.423382,-90.0,top,J17,,,PinHeader_1x04_P1.00mm_Horizontal,LCD_display,tht
389.8,-197.425,-90.0,top,J18,,,PinHeader_1x04_P1.00mm_Horizontal,LCD_display,tht
267.1,-61.0,0.0,top,J19,,,Jack_3.5mm_CUI_SJ-3523-SMT_Horizontal,AudioJack3,smt
392.01,-102.98,0.0,top,J2,,,PinSocket_1x24_P2.54mm_Vertical,FPGA I/O,tht
365.95,-197.425,-90.0,top,J3,,,PinHeader_1x04_P1.00mm_Horizontal,LCD_display,tht
404.7,-53.8,90.0,top,J4,,,PinHeader_1x03_P1.00mm_Horizontal,TDM_DBG,tht
556.825,-155.805,0.0,top,J5,,,PinHeader_1x02_P1.00mm_Horizontal,INA219_CONFIG,tht
556.825,-162.18,0.0,top,J6,,,PinHeader_1x02_P1.00mm_Horizontal,INA219_CONFIG,tht
556.825,-168.555,0.0,top,J7,,,PinHeader_1x02_P1.00mm_Horizontal,INA219_CONFIG,tht
359.7,-102.98,0.0,top,J8,,,PinSocket_1x24_P2.54mm_Vertical,FPGA I/O,tht
401.01,-102.94,0.0,top,J9,,,PinSocket_1x24_P2.54mm_Vertical,FPGA I/O,tht
251.1,-101.4,180.0,top,R1,,,R_0805_2012Metric_Pad1.20x1.40mm_HandSolder,300,smt
221.5625,-95.9725,180.0,top,R10,,,R_0805_2012Metric_Pad1.20x1.40mm_HandSolder,300,smt
531.2,-144.9,90.0,top,R11,,,R_0805_2012Metric_Pad1.20x1.40mm_HandSolder,4.7k,smt
536.66,-144.9,90.0,top,R12,,,R_0805_2012Metric_Pad1.20x1.40mm_HandSolder,4.7k,smt
552.58,-154.305,0.0,top,R13,,,R_0805_2012Metric_Pad1.20x1.40mm_HandSolder,10k,smt
552.58,-157.469,0.0,top,R14,,,R_0805_2012Metric_Pad1.20x1.40mm_HandSolder,10k,smt
490.4,-156.64,180.0,top,R15,,,R_0805_2012Metric_Pad1.20x1.40mm_HandSolder,300,smt
490.4,-144.0,180.0,top,R16,,,R_0805_2012Metric_Pad1.20x1.40mm_HandSolder,300,smt
490.4,-148.5,180.0,top,R17,,,R_0805_2012Metric_Pad1.20x1.40mm_HandSolder,300,smt
490.4,-152.64,180.0,top,R18,,,R_0805_2012Metric_Pad1.20x1.40mm_HandSolder,300,smt
552.2,-140.1,0.0,top,R19,,,R_0805_2012Metric_Pad1.20x1.40mm_HandSolder,10k,smt
535.6,-188.2,0.0,top,R2,,,R_0805_2012Metric_Pad1.20x1.40mm_HandSolder,300,smt
552.58,-160.855,0.0,top,R20,,,R_0805_2012Metric_Pad1.20x1.40mm_HandSolder,10k,smt
552.58,-163.805,0.0,top,R21,,,R_0805_2012Metric_Pad1.20x1.40mm_HandSolder,10k,smt
552.58,-167.355,0.0,top,R22,,,R_0805_2012Metric_Pad1.20x1.40mm_HandSolder,10k,smt
552.58,-173.805,0.0,top,R23,,,R_0805_2012Metric_Pad1.20x1.40mm_HandSolder,10k,smt
552.58,-170.455,0.0,top,R24,,,R_0805_2012Metric_Pad1.20x1.40mm_HandSolder,10k,smt
552.58,-176.955,0.0,top,R25,,,R_0805_2012Metric_Pad1.20x1.40mm_HandSolder,10k,smt
552.6,-180.5,0.0,top,R26,,,R_0805_2012Metric_Pad1.20x1.40mm_HandSolder,10k,smt
535.6,-155.555,0.0,top,R27,,,R_0805_2012Metric_Pad1.20x1.40mm_HandSolder,300,smt
552.58,-183.755,0.0,top,R28,,,R_0805_2012Metric_Pad1.20x1.40mm_HandSolder,10k,smt
535.6,-161.9925,0.0,top,R29,,,R_0805_2012Metric_Pad1.20x1.40mm_HandSolder,300,smt
552.58,-190.8,0.0,top,R3,,,R_0805_2012Metric_Pad1.20x1.40mm_HandSolder,10k,smt
535.6,-181.605,0.0,top,R30,,,R_0805_2012Metric_Pad1.20x1.40mm_HandSolder,300,smt
535.6,-174.8675,0.0,top,R31,,,R_0805_2012Metric_Pad1.20x1.40mm_HandSolder,300,smt
535.6,-168.43,0.0,top,R32,,,R_0805_2012Metric_Pad1.20x1.40mm_HandSolder,300,smt
404.01,-167.48,180.0,top,R33,,,R_0805_2012Metric_Pad1.20x1.40mm_HandSolder,300,smt
358.01,-175.28,0.0,top,R34,,,R_0805_2012Metric_Pad1.20x1.40mm_HandSolder,300,smt
358.11,-179.48,0.0,top,R35,,,R_0805_2012Metric_Pad1.20x1.40mm_HandSolder,300,smt
358.01,-183.68,0.0,top,R36,,,R_0805_2012Metric_Pad1.20x1.40mm_HandSolder,300,smt
358.01,-187.88,0.0,top,R37,,,R_0805_2012Metric_Pad1.20x1.40mm_HandSolder,300,smt
356.0,-67.0,0.0,top,R38,,,R_0805_2012Metric_Pad1.20x1.40mm_HandSolder,300,smt
356.2,-81.2,0.0,top,R39,,,R_0805_2012Metric_Pad1.20x1.40mm_HandSolder,300,smt
552.58,-187.5,0.0,top,R4,,,R_0805_2012Metric_Pad1.20x1.40mm_HandSolder,10k,smt
356.2,-76.0,0.0,top,R40,,,R_0805_2012Metric_Pad1.20x1.40mm_HandSolder,300,smt
356.2,-71.2,0.0,top,R41,,,R_0805_2012Metric_Pad1.20x1.40mm_HandSolder,300,smt
233.3675,-107.1175,0.0,top,R42,,,R_0805_2012Metric_Pad1.20x1.40mm_HandSolder,100,smt
237.3675,-106.3175,90.0,top,R43,,,R_0805_2012Metric_Pad1.20x1.40mm_HandSolder,300,smt
489.5,-179.4,0.0,top,R44,,,R_0805_2012Metric_Pad1.20x1.40mm_HandSolder,120,smt
522.1,-183.3,0.0,top,R47,,,R_0805_2012Metric_Pad1.20x1.40mm_HandSolder,120,smt
393.0,-68.1,180.0,top,R5,,,R_0805_2012Metric_Pad1.20x1.40mm_HandSolder,300,smt
393.0,-80.7,180.0,top,R6,,,R_0805_2012Metric_Pad1.20x1.40mm_HandSolder,300,smt
393.0,-76.5,180.0,top,R7,,,R_0805_2012Metric_Pad1.20x1.40mm_HandSolder,300,smt
393.0,-72.3,180.0,top,R8,,,R_0805_2012Metric_Pad1.20x1.40mm_HandSolder,300,smt
221.5625,-106.7175,0.0,top,R9,,,R_0805_2012Metric_Pad1.20x1.40mm_HandSolder,300,smt
556.66,-140.1,0.0,top,TH1,,,R_LDR_4.9x4.2mm_P2.54mm_Vertical,10k,tht
313.41,-122.74,0.0,top,U1,,None,MODULE_NUCLEO-H753ZI,NUCLEO-H753ZI,tht
543.1225,-162.3837,0.0,top,U10,,,SOIC-8_3.9x4.9mm_P1.27mm,INA219AxD,smt
543.105,-168.9625,0.0,top,U11,,,SOIC-8_3.9x4.9mm_P1.27mm,INA219AxD,smt
543.1575,-175.5412,0.0,top,U12,,,SOIC-8_3.9x4.9mm_P1.27mm,INA219AxD,smt
543.14,-182.12,0.0,top,U13,,,SOIC-8_3.9x4.9mm_P1.27mm,INA219AxD,smt
388.51,-178.58,0.0,top,U14,,,SOIC-8_5.3x5.3mm_P1.27mm,W25Q128JVS,smt
398.3475,-168.43,0.0,top,U15,,,SOT-23-5,AP2112K-3.3,smt
400.915,-178.48,0.0,top,U16,,SOIC-16 ON Semiconductor,SO16,74HC4050D,smt
448.13,-122.81,0.0,top,U17,,None,MODULE_NUCLEO-H753ZI,NUCLEO-H753ZI,tht
246.92,-79.24,0.0,top,U18,,,HDSP-A151,HDSP-7503,tht
229.54,-79.24,0.0,top,U19,,,HDSP-A151,HDSP-7503,tht
238.32,-79.24,0.0,top,U2,,,HDSP-A151,HDSP-7503,tht
543.175,-188.905,0.0,top,U20,,,SOIC-8_3.9x4.9mm_P1.27mm,INA219AxD,smt
209.0675,-102.5725,-90.0,top,U21,,SOIC-16 ON Semiconductor,SO16,74HC4050D,smt
216.0,-106.2225,0.0,top,U22,,,SOT-23-5,AP2112K-3.3,smt
199.98,-101.3225,0.0,top,U23,,,SOIC-8_5.3x5.3mm_P1.27mm,W25Q128JVS,smt
209.1625,-91.6725,-90.0,top,U24,,SOIC-16 ON Semiconductor,SO16,74HC4050D,smt
216.0,-95.0225,0.0,top,U25,,,SOT-23-5,AP2112K-3.3,smt
199.875,-90.4225,0.0,top,U26,,,SOIC-8_5.3x5.3mm_P1.27mm,W25Q128JVS,smt
501.3,-189.12,180.0,top,U27,,,DIP-8_W7.62mm,MCP2551-I-P,tht
231.3675,-103.3175,0.0,top,U28,,,SC70-6,74LVC1G3157,smt
493.69,-164.42,0.0,top,U29,,,DIP-8_W7.62mm,MCP2551-I-P,tht
230.33,-151.32,0.0,top,U3,,None,ST_NUCLEO-F303RE,NUCLEO-F303RE,tht
509.18,-171.62,90.0,top,U30,,,DIP-8_W7.62mm,MCP2551-I-P,tht
516.8,-181.7,-90.0,top,U31,,,DIP-8_W7.62mm,MCP2551-I-P,tht
251.0,-56.66,-90.0,top,U4,,,YAAJ_WeAct_BlackPill_SWD_2,YAAJ_BluePill_Part_Like,tht
516.6,-154.305,0.0,top,U5,24LC256-I/SN,SOIC-8,SOIC127P600X175-8N,24LC256-I_SN,smt
381.775,-187.025,0.0,top,U6,,,Bosch_LGA-8_2.5x2.5mm_P0.65mm_ClockwisePinNumbering,BME280,smt
543.175,-155.805,0.0,top,U7,,,SOIC-8_3.9x4.9mm_P1.27mm,INA219AxD,smt
516.6,-146.4,0.0,top,U8,24LC256-I/SN,SOIC-8,SOIC127P600X175-8N,24LC256-I_SN,smt
523.11,-96.51,0.0,top,U9,,None,MODULE_NUCLEO-F446RE,NUCLEO-F446RE,tht
